filename,caption_uk,caption_ru
img01.jpg,Натяжні стелі — робота №01 (Potolok.kh),Натяжные потолки — работа №01 (Potolok.kh)
img02.jpg,Натяжні стелі — робота №02 (Potolok.kh),Натяжные потолки — работа №02 (Potolok.kh)
img03.jpg,Натяжні стелі — робота №03 (Potolok.kh),Натяжные потолки — работа №03 (Potolok.kh)
img04.jpg,Натяжні стелі — робота №04 (Potolok.kh),Натяжные потолки — работа №04 (Potolok.kh)
img05.jpg,Натяжні стелі — робота №05 (Potolok.kh),Натяжные потолки — работа №05 (Potolok.kh)
img06.jpg,Натяжні стелі — робота №06 (Potolok.kh),Натяжные потолки — работа №06 (Potolok.kh)
img07.jpg,Натяжні стелі — робота №07 (Potolok.kh),Натяжные потолки — работа №07 (Potolok.kh)
img08.jpg,Натяжні стелі — робота №08 (Potolok.kh),Натяжные потолки — работа №08 (Potolok.kh)
img09.jpg,Натяжні стелі — робота №09 (Potolok.kh),Натяжные потолки — работа №09 (Potolok.kh)
img10.jpg,Натяжні стелі — робота №10 (Potolok.kh),Натяжные потолки — работа №10 (Potolok.kh)
img11.jpg,Натяжні стелі — робота №11 (Potolok.kh),Натяжные потолки — работа №11 (Potolok.kh)
img12.jpg,Натяжні стелі — робота №12 (Potolok.kh),Натяжные потолки — работа №12 (Potolok.kh)
img13.jpg,Натяжні стелі — робота №13 (Potolok.kh),Натяжные потолки — работа №13 (Potolok.kh)
img14.jpg,Натяжні стелі — робота №14 (Potolok.kh),Натяжные потолки — работа №14 (Potolok.kh)
img15.jpg,Натяжні стелі — робота №15 (Potolok.kh),Натяжные потолки — работа №15 (Potolok.kh)
img16.jpg,Натяжні стелі — робота №16 (Potolok.kh),Натяжные потолки — работа №16 (Potolok.kh)
img17.jpg,Натяжні стелі — робота №17 (Potolok.kh),Натяжные потолки — работа №17 (Potolok.kh)
img18.jpg,Натяжні стелі — робота №18 (Potolok.kh),Натяжные потолки — работа №18 (Potolok.kh)
img19.jpg,Натяжні стелі — робота №19 (Potolok.kh),Натяжные потолки — работа №19 (Potolok.kh)
img20.jpg,Натяжні стелі — робота №20 (Potolok.kh),Натяжные потолки — работа №20 (Potolok.kh)
